"id","age_cat","years_lived_cat","community","gender","hispanic"
"S415",4,4,1,1,0
"S172",4,1,1,2,0
"S943",3,4,1,1,0
"S519",5,4,1,2,0
"S471",5,4,1,1,0
"S288",4,2,1,2,1
"S796",5,3,3,1,0
"S817",4,1,3,2,0
"S341",4,2,3,1,0
"S124",4,3,3,2,0
"S676",5,3,3,2,0
"S339",2,2,1,1,0
"S833",5,1,3,2,0
"S487",5,2,3,2,0
"S840",5,2,3,2,0
"S678",4,4,3,2,1
"S256",5,4,3,1,0
"S484",5,4,3,2,0
"S881",3,2,3,1,0
"S327",3,4,3,1,0
"S882",4,1,3,2,0
"S360",4,1,3,1,0
"S681",2,2,1,2,0
"S145",4,3,3,1,0
"S513",4,3,3,2,0
"S1035",1,3,3,1,0
"S711",4,1,3,1,0
"S175",6,2,3,2,0
"S652",6,3,3,2,0
"S753",6,3,3,1,0
"S501",5,1,3,1,0
"S312",5,1,3,2,0
"S153",5,1,3,2,0
"S217",4,2,1,1,0
"S141",5,2,3,2,0
"S1086",5,3,3,2,0
"S231",4,3,3,2,0
"S1109",5,3,3,2,0
"S1071",4,2,3,1,0
"S766",6,2,3,2,0
"S834",5,1,3,2,0
"S531",6,1,3,1,0
"S370",4,2,3,2,0
"S285",4,3,3,2,0
"S1118",4,3,3,1,0
"S839",1,2,3,2,0
"S361",6,1,3,1,0
"S311",4,2,3,2,0
"S707",4,2,3,1,1
"S210",1,2,3,2,1
"S565",1,2,3,2,1
"S496",6,3,3,1,0
"S227",6,3,3,2,0
"S878",5,1,3,2,0
"S1074",4,1,1,1,0
"S747",5,3,3,2,0
"S1107",3,3,3,2,0
"S1009",2,3,3,1,0
"S406",5,1,3,1,1
"S176",5,5,3,2,0
"S499",6,8,3,1,0
"S602",4,3,3,1,1
"S385",5,3,3,2,1
"S596",2,3,3,1,1
"S536",2,3,3,2,1
"S474",4,3,3,2,0
"S1050",6,2,3,1,0
"S522",6,3,3,2,0
"S1047",5,1,3,1,1
"S412",5,3,3,1,0
"S969",4,2,3,2,0
"S574",4,2,3,1,0
"S793",4,2,3,2,0
"S304",6,1,3,1,0
"S421",5,1,3,2,0
"S636",5,8,3,2,0
"S375",4,1,3,1,0
"S734",4,1,3,2,0
"S398",4,1,3,2,1
"S581",4,1,3,1,1
"S669",5,3,3,1,0
"S998",4,4,3,2,0
"S463",2,3,3,1,0
"S177",4,2,1,2,0
"S743",1,2,3,2,0
"S742",5,3,3,1,0
"S984",4,9,3,2,0
"S960",6,11,3,2,0
"S926",4,2,3,2,0
"S253",4,2,3,1,0
"S111",6,5,3,2,0
"S551",4,3,3,2,0
"S133",5,1,3,2,0
"S204",4,5,3,1,0
"S305",5,3,1,1,0
"S690",3,6,3,2,0
"S1015",4,1,3,1,0
"S846",4,1,3,2,0
"S805",4,2,3,2,0
"S1008",4,2,3,1,0
"S1003",5,1,3,2,0
"S229",6,7,3,1,0
"S472",4,4,3,2,0
"S858",6,1,3,2,0
"S978",5,1,3,1,0
"S579",4,3,1,2,0
"S307",5,4,3,2,0
"S277",5,4,3,1,0
"S764",5,1,3,2,0
"S326",5,1,3,1,0
"S1028",5,1,3,2,0
"S351",4,1,3,1,0
"S1053",4,2,3,2,1
"S936",5,1,3,2,0
"S802",6,3,3,2,0
"S896",4,1,3,1,0
"S864",3,5,1,2,0
"S511",5,1,3,2,0
"S937",4,2,3,1,0
"S841",4,2,3,1,0
"S640",2,2,3,2,0
"S103",1,2,3,1,0
"S540",3,2,3,1,0
"S606",3,1,3,2,0
"S278",5,2,3,1,0
"S847",5,2,3,2,0
"S127",5,2,3,2,0
"S504",4,9,1,2,0
"S140",6,4,3,1,0
"S977",6,6,3,2,0
"S147",5,3,3,2,0
"S162",5,3,3,1,0
"S104",4,2,3,2,0
"S259",5,3,3,2,0
"S1021",4,1,3,1,0
"S350",4,1,3,2,0
"S430",2,1,3,1,0
"S868",1,1,3,1,0
"S185",5,3,1,2,0
"S492",3,1,3,1,0
"S962",5,1,3,2,0
"S383",6,1,3,1,0
"S894",5,5,3,2,0
"S979",3,5,3,1,0
"S545",5,1,3,1,0
"S539",2,3,3,1,0
"S107",4,1,3,2,0
"S582",4,3,3,1,1
"S706",4,1,3,2,0
"S120",2,3,1,1,0
"S614",4,2,3,1,0
"S763",5,2,3,2,0
"S187",6,2,3,1,0
"S576",4,1,3,1,0
"S1095",4,1,3,2,0
"S758",5,8,3,2,0
"S232",4,2,3,1,0
"S408",5,2,3,1,1
"S889",5,1,3,2,0
"S184",5,1,3,1,0
"S628",4,3,3,2,0
"S223",4,3,3,1,0
"S308",2,2,3,1,0
"S709",1,2,3,1,0
"S727",5,6,3,2,0
"S516",4,4,3,2,0
"S323",5,7,3,2,0
"S991",5,7,3,1,0
"S563",5,2,3,1,0
"S517",5,5,1,2,0
"S526",1,2,3,2,0
"S932",4,2,3,1,0
"S912",4,2,3,2,0
"S368",5,2,3,2,0
"S1078",5,2,3,1,0
"S804",5,2,3,2,0
"S822",4,3,3,2,0
"S549",4,3,3,1,0
"S1113",4,5,3,1,0
"S897",4,5,3,2,0
"S397",5,6,1,2,0
"S779",2,4,3,1,0
"S632",2,3,3,2,0
"S378",6,4,3,2,0
"S1054",5,2,3,2,0
"S1076",6,1,3,1,0
"S1066",6,1,3,2,0
"S756",5,1,3,1,0
"S1023",2,1,3,1,0
"S466",5,3,3,1,0
"S387",5,4,3,2,0
"S219",6,2,3,2,0
"S533",6,6,3,1,0
"S843",6,1,3,2,1
"S347",4,3,3,2,0
"S590",3,3,3,1,0
"S1016",6,2,3,2,0
"S419",6,8,3,2,0
"S651",5,3,3,2,0
"S663",5,5,3,1,1
"S439",4,3,3,2,0
"S813",4,3,1,2,0
"S151",6,5,3,2,0
"S830",6,5,3,1,0
"S199",5,1,3,2,0
"S687",5,1,3,1,0
"S812",5,5,3,2,0
"S592",5,5,3,1,0
"S478",5,4,3,2,0
"S521",2,3,3,1,0
"S161",5,2,3,2,0
"S329",6,6,3,2,0
"S754",6,13,1,1,0
"S448",6,5,3,1,0
"S571",4,3,2,1,0
"S831",1,2,2,2,0
"S436",4,2,2,2,0
"S209",5,12,3,2,0
"S491",5,1,3,1,1
"S1112",5,1,3,2,0
"S821",6,13,3,2,0
"S872",6,3,3,2,0
"S414",5,4,1,1,0
"S720",2,2,3,2,1
"S171",4,2,3,2,0
"S798",6,8,3,1,1
"S780",3,1,3,1,0
"S139",3,1,3,2,0
"S310",5,5,3,1,0
"S675",6,3,3,2,0
"S794",6,3,3,1,0
"S1011",3,3,1,2,0
"S246",2,3,1,2,0
"S871",4,7,1,1,0
"S109",4,7,1,2,0
"S818",4,2,1,1,0
"S737",5,2,1,2,0
"S588",3,4,1,1,0
"S566",4,2,1,2,0
"S635",4,2,1,1,0
"S431",4,5,1,1,0
"S442",6,4,1,1,0
"S662",5,4,1,2,0
"S331",4,2,1,2,0
"S407",6,2,1,1,0
"S1045",4,6,1,2,1
"S444",2,3,1,2,1
"S548",2,3,1,2,1
"S672",2,3,1,1,1
"S1104",6,7,1,1,0
"S661",6,7,1,2,0
"S417",5,6,1,2,0
"S190",3,6,1,1,0
"S409",4,6,1,1,0
"S324",4,3,1,1,0
"S673",4,3,1,2,0
"S538",2,3,1,2,0
"S773",2,2,1,1,0
"S656",5,5,1,1,0
"S967",3,5,1,1,0
"S855",5,6,1,1,0
"S260",5,5,1,2,0
"S585",5,5,1,2,0
"S997",5,5,1,1,0
"S638",2,4,1,1,0
"S860",4,6,1,1,0
"S166",3,4,1,1,0
"S906",5,5,1,2,0
"S1018",5,5,1,1,0
"S799",5,2,1,1,0
"S119",5,8,1,2,0
"S1084",6,4,1,2,0
"S334",3,1,1,2,0
"S464",4,2,1,2,0
"S975",5,3,1,1,0
"S560",2,3,1,1,0
"S920",4,3,1,2,0
"S913",2,3,1,2,0
"S1025",4,4,1,2,0
"S332",4,4,1,1,0
"S848",4,3,1,1,0
"S955",5,10,1,2,0
"S159",3,2,1,2,0
"S264",5,2,1,2,0
"S424",4,4,1,2,0
"S303",4,3,1,1,0
"S1064",5,4,1,2,0
"S275",4,2,1,2,0
"S611",5,3,1,1,0
"S993",5,6,1,2,0
"S844",5,6,1,2,0
"S597",5,5,1,1,0
"S617",4,5,1,2,0
"S959",6,10,1,1,0
"S477",5,6,1,2,0
"S686",6,3,1,2,0
"S778",6,3,1,1,0
"S212",5,11,1,1,0
"S438",5,6,1,2,0
"S1029",4,1,1,2,0
"S806",4,2,1,2,0
"S377",5,6,1,2,0
"S247",5,4,1,2,1
"S1010",5,1,1,2,0
"S498",4,4,1,2,0
"S130",5,2,1,2,0
"S827",6,2,1,2,0
"S105",5,8,1,2,0
"S899",5,8,1,1,0
"S282",4,9,1,2,0
"S667",5,8,1,2,0
"S267",6,2,1,2,0
"S699",6,2,1,2,0
"S644",6,2,1,1,0
"S266",6,5,1,2,0
"S976",4,5,1,2,0
"S610",4,8,1,1,0
"S749",5,6,1,2,0
"S357",4,3,1,2,0
"S951",4,3,1,1,0
"S1097",2,3,1,2,0
"S1100",2,3,1,1,0
"S349",4,2,1,2,0
"S400",2,2,1,2,0
"S456",5,1,1,1,0
"S578",5,1,1,2,0
"S626",3,5,1,2,0
"S374",3,2,1,2,1
"S612",3,2,1,2,0
"S807",6,2,1,2,0
"S372",6,2,1,1,0
"S809",3,4,1,2,1
"S859",5,6,1,2,0
"S729",5,2,1,1,0
"S929",5,2,1,2,0
"S1067",5,8,1,1,0
"S996",5,7,1,2,0
"S838",4,3,2,2,1
"S824",2,3,1,1,1
"S265",2,3,1,2,1
"S577",4,3,2,1,1
"S364",4,3,2,2,1
"S394",2,3,1,1,1
"S647",4,4,2,2,1
"S767",5,5,1,1,0
"S765",6,3,1,2,0
"S814",6,4,1,1,0
"S195",4,10,1,1,0
"S1069",6,5,1,2,0
"S228",4,2,1,2,0
"S404",5,9,2,2,0
"S1068",4,8,2,2,0
"S701",4,10,2,1,0
"S748",6,2,1,2,0
"S322",5,13,2,1,0
"S603",5,5,2,2,0
"S258",5,3,2,1,0
"S490",5,3,2,2,0
"S573",4,2,2,1,0
"S376",4,6,2,2,0
"S1070",1,3,2,1,0
"S900",6,8,2,1,0
"S1059",6,8,2,2,0
"S836",4,6,2,2,0
"S865",4,3,2,1,1
"S1075",4,10,2,1,0
"S935",4,8,2,2,0
"S750",2,3,2,1,0
"S708",5,12,2,2,0
"S1103",5,11,2,1,0
"S650",4,7,2,2,0
"S654",4,3,2,2,0
"S970",1,2,2,2,0
"S682",5,1,2,1,0
"S363",4,1,2,2,1
"S924",5,11,2,2,0
"S634",5,5,2,1,0
"S396",4,5,2,2,0
"S543",4,4,2,1,0
"S623",3,4,2,1,0
"S485",2,3,2,2,0
"S546",1,2,2,1,0
"S454",5,10,2,1,0
"S869",5,7,2,1,0
"S1030",4,8,2,1,0
"S328",5,7,2,1,0
"S1034",4,1,2,2,0
"S584",5,2,2,2,0
"S599",1,1,3,1,0
"S494",5,2,2,1,0
"S411",6,8,2,2,0
"S293",5,13,2,1,0
"S631",5,13,2,2,0
"S234",6,13,2,1,0
"S470",4,7,2,1,0
"S426",3,6,2,2,0
"S274",3,1,2,2,0
"S648",6,2,1,1,0
"S535",6,7,2,2,1
"S486",5,13,2,1,0
"S289",6,4,2,1,0
"S251",5,4,1,2,0
"S685",6,3,1,2,0
"S986",5,9,1,2,0
"S810",5,13,1,1,0
"S679",5,6,2,1,0
"S534",5,6,2,2,0
"S337",1,1,2,2,0
"S703",5,6,2,2,0
"S137",5,7,2,1,0
"S214",5,7,2,2,0
"S930",5,6,2,2,0
"S744",5,5,2,1,0
"S768",4,6,2,2,0
"S908",3,5,2,1,0
"S972",5,13,2,2,0
"S762",5,9,2,1,0
"S660",4,7,2,1,1
"S191",5,12,2,1,0
"S572",5,4,2,1,0
"S318",5,5,2,1,0
"S751",5,9,1,2,0
"S380",6,8,2,1,0
"S330",5,8,1,1,0
"S273",3,5,2,2,0
"S745",5,7,2,2,0
"S393",4,2,1,1,0
"S480",5,4,1,2,0
"S770",6,4,1,2,0
"S237",6,4,1,1,0
"S575",4,1,1,2,0
"S152",5,7,2,2,0
"S359",5,7,2,1,0
"S949",5,7,2,1,0
"S853",5,7,2,2,0
"S201",5,5,2,1,0
"S236",5,5,2,2,1
"S658",3,5,2,2,1
"S356",3,1,2,1,0
"S429",5,13,2,2,0
"S598",5,1,1,1,0
"S418",5,6,1,2,0
"S615",5,7,2,2,0
"S1091",5,2,1,2,0
"S775",4,2,1,2,0
"S520",4,2,1,1,0
"S786",4,3,1,2,0
"S927",4,6,1,1,0
"S877",4,1,2,1,0
"S355",4,1,2,2,0
"S604",5,4,1,2,0
"S132",4,3,1,2,0
"S983",5,3,1,1,0
"S497",5,7,1,2,0
"S1031",5,10,1,2,0
"S116",5,9,1,2,0
"S319",5,9,1,1,0
"S1026",4,4,1,2,0
"S835",5,1,2,1,0
"S200",3,4,1,1,0
"S940",5,6,1,2,0
"S433",2,3,1,3,0
"S671",4,9,1,1,0
"S1087",5,12,1,2,0
"S646",4,10,1,2,0
"S523",5,5,1,1,0
"S851",5,7,1,2,0
"S752",4,1,1,2,0
"S670",6,8,2,1,0
"S664",5,8,2,2,0
"S1038",5,1,1,2,0
"S645",2,1,1,2,0
"S281",5,5,1,2,0
"S416",5,5,1,1,0
"S879",5,12,2,1,0
"S482",5,4,2,2,0
"S1063",5,11,2,1,0
"S594",5,4,2,1,0
"S1115",5,12,1,1,0
"S691",6,13,2,2,0
"S1044",4,3,1,2,0
"S863",5,5,2,2,0
"S1019",3,5,2,2,0
"S797",5,5,2,1,0
"S591",5,11,2,2,0
"S555",5,13,2,2,0
"S820",6,13,2,2,0
"S211",5,10,2,2,0
"S826",4,8,2,2,1
"S580",1,2,1,1,0
"S741",4,3,2,2,1
"S1089",2,3,2,1,0
"S1007",4,3,1,1,0
"S934",1,2,1,2,0
"S1083",5,3,2,1,0
"S440",4,4,2,2,0
"S719",4,8,1,2,0
"S601",2,3,2,1,0
"S352",4,4,1,2,0
"S379",5,2,1,NA,0
"S559",5,13,2,1,0
"S957",5,6,2,2,0
"S178",5,13,2,2,0
"S298",5,7,1,2,0
"S665",4,7,1,2,0
"S649",4,3,1,1,0
"S1099",5,13,2,1,0
"S154",5,7,2,2,0
"S931",6,1,1,1,0
"S992",4,7,1,2,0
"S287",2,3,1,1,0
"S909",6,5,1,1,0
"S143",6,5,2,2,0
"S254",6,5,1,2,0
"S808",5,13,2,1,0
"S300",5,4,1,2,0
"S760",5,10,2,2,0
"S1060",4,1,2,2,0
"S695",4,3,2,2,0
"S112",5,9,2,1,0
"S390",5,5,2,2,0
"S101",5,11,2,1,0
"S126",4,6,2,2,0
"S129",4,7,2,2,0
"S242",4,1,1,1,0
"S508",5,6,1,2,0
"S353",4,3,1,2,0
"S783",4,5,1,2,0
"S202",6,7,1,2,0
"S142",5,5,2,1,0
"S562",5,5,2,2,0
"S980",5,13,2,2,0
"S160",5,4,1,2,0
"S527",4,6,1,2,0
"S1110",2,3,1,2,0
"S1088",6,10,1,2,0
"S950",5,5,2,1,0
"S1108",5,4,2,2,0
"S888",5,6,2,2,0
"S684",6,NA,2,1,0
"S1077",5,10,1,2,0
"S452",5,5,1,2,0
"S723",4,10,2,1,0
"S313",4,7,2,2,0
"S620",5,6,2,2,0
"S1033",5,4,2,1,0
"S568",4,4,1,1,0
"S587",5,7,2,2,0
"S320",5,13,2,1,0
"S467",5,11,1,2,0
"S570",3,2,1,1,0
"S495",5,10,2,2,0
"S420",4,10,2,1,0
"S493",6,5,2,1,0
"S624",3,5,1,2,1
"S1005",5,5,2,2,0
"S945",5,13,2,1,0
"S506",3,4,2,1,0
"S952",5,12,2,2,0
"S371",5,10,2,1,0
"S613",3,5,2,1,0
"S680",5,2,1,2,0
"S114",5,2,1,1,0
"S102",4,9,2,1,0
"S939",4,6,2,2,0
"S158",3,4,2,2,0
"S781",2,3,2,2,0
"S726",5,10,2,2,0
"S583",4,10,2,1,0
"S541",4,3,2,2,0
"S123",5,10,2,1,0
"S121",5,6,2,2,0
"S704",2,3,2,1,0
"S988",5,4,2,1,0
"S1036",6,4,2,2,0
"S182",4,10,2,2,0
"S746",4,1,1,1,0
"S689",5,6,2,2,0
"S710",5,6,2,1,0
"S883",4,6,2,1,0
"S653",5,13,2,2,0
"S849",6,6,2,1,0
"S569",1,2,2,1,0
"S1117",4,4,2,1,0
"S832",2,3,2,2,0
"S469",5,5,2,2,0
"S790",5,4,2,1,1
"S995",5,2,2,2,1
"S876",5,13,2,2,0
"S1085",5,13,2,1,0
"S702",6,13,2,1,0
"S248",5,12,2,1,0
"S792",3,1,1,2,0
"S627",6,12,2,2,0
"S106",2,3,2,1,0
"S294",6,10,2,1,0
"S542",5,13,2,2,0
"S637",5,7,1,2,0
"S405",5,6,1,1,0
"S659",5,12,2,2,0
"S688",5,13,2,1,0
"S530",5,4,1,1,0
"S772",6,8,2,2,0
"S263",5,9,1,2,0
"S618",6,5,1,2,0
"S290",4,1,1,2,0
"S244",4,9,2,2,1
"S1102",4,2,2,1,0
"S973",5,4,1,1,0
"S605",5,7,1,2,0
"S552",5,7,1,1,0
"S740",4,2,2,2,0
"S1072",2,2,2,2,0
"S196",6,13,1,1,0
"S938",6,9,1,2,0
"S295",5,5,2,2,0
"S125",5,5,2,1,0
"S240",6,4,2,1,0
"S861",6,13,2,2,0
"S317",4,8,2,2,0
"S738",4,2,1,2,0
"S683",5,5,2,2,0
"S1002",5,5,2,2,0
"S886",6,9,2,1,0
"S462",4,6,2,1,0
"S892",4,9,2,2,0
"S795",5,1,1,2,0
"S619",2,3,2,2,0
"S122",5,5,2,2,0
"S948",4,2,2,1,0
"S547",5,1,1,2,0
"S1098",5,4,1,2,0
"S249",5,2,1,1,0
"S698",5,2,1,2,0
"S633",5,1,2,1,0
"S915",5,1,2,2,1
"S923",4,5,1,2,0
"S348",4,3,2,1,0
"S895",3,1,1,1,0
"S791",4,2,1,2,0
"S169",4,2,1,1,0
"S777",4,3,1,2,0
"S1006",2,2,1,2,1
"S600",5,4,1,2,0
"S208",5,4,1,1,0
"S713",6,3,1,2,0
"S891",2,2,1,2,1
"S1013",6,3,1,1,0
"S458",5,1,1,1,0
"S733",4,7,1,2,0
"S928",4,3,1,1,1
"S365",5,6,1,1,0
"S502",5,6,1,1,0
"S982",6,10,2,1,0
"S558",6,10,2,2,0
"S1111",5,8,1,2,0
"S1093",6,2,1,2,1
"S856",5,2,1,2,1
"S974",4,5,1,2,0
"S505",4,5,1,1,0
"S197",2,3,1,2,0
"S803",6,13,2,2,0
"S782",6,13,2,1,0
"S904",2,3,1,1,0
"S722",4,1,2,2,0
"S443",5,3,1,1,0
"S657",5,3,1,2,0
"S149",5,4,1,2,0
"S179",4,2,1,2,0
"S220",4,2,1,2,0
"S785",1,2,1,1,0
"S451",5,7,2,2,0
"S192",5,10,2,1,0
"S1094",5,6,2,2,0
"S148",5,1,1,2,0
"S445",5,1,1,1,0
"S823",3,5,2,2,0
"S776",5,10,2,2,0
"S1081",5,2,1,2,0
"S336",5,7,1,2,0
"S189",5,8,1,2,0
"S449",5,5,2,2,0
"S655",4,1,1,2,0
"S261",5,6,2,1,0
"S674",5,4,1,1,0
"S903",5,4,1,2,0
"S138",6,11,2,1,0
"S898",5,8,2,1,0
"S188",4,8,2,2,0
"S475",6,11,2,2,0
"S257",5,1,1,2,0
"S252",5,10,1,2,0
"S373",5,10,1,1,0
"S554",5,4,2,1,0
"S528",5,10,2,2,0
"S958",5,6,1,2,0
"S1051",6,4,1,1,0
"S173",6,1,1,2,0
"S771",4,4,1,1,0
"S666",6,NA,1,1,0
"S500",6,2,1,2,0
"S403",5,13,2,2,0
"S489",5,11,2,2,0
"S135",5,12,2,1,0
"S788",6,2,1,1,0
"S280",5,3,1,2,0
"S410",4,9,2,2,0
"S292",4,10,2,1,0
"S1032",6,2,1,2,0
"S434",5,5,1,2,0
"S524",5,4,2,2,1
"S1014",5,6,1,2,0
"S1065",5,2,1,2,0
"S724",5,12,1,2,0
"S815",5,8,2,2,0
"S335",5,2,1,2,0
"S362",5,2,1,1,0
"S989",6,2,1,2,0
"S963",4,2,1,2,0
"S465",4,3,1,2,0
"S919",4,4,1,2,0
"S144",4,4,1,1,0
"S108",2,3,1,2,0
"S316",6,2,1,2,0
"S564",5,1,1,2,0
"S241",4,9,1,1,0
"S230",4,5,2,2,0
"S163",6,3,2,1,0
"S262",6,3,2,2,0
"S134",6,2,1,1,0
"S110",5,1,1,2,0
"S146",5,2,1,2,0
"S816",6,5,1,2,0
"S961",5,1,2,1,0
"S128",5,1,2,2,0
"S459",5,5,2,2,0
"S616",4,5,2,2,0
"S269",5,6,2,2,0
"S1040",2,4,2,1,0
"S423",4,4,2,1,0
"S461",4,4,2,2,0
"S441",5,1,1,1,0
"S215",5,3,1,2,0
"S203",5,3,1,2,0
"S910",5,3,1,1,0
"S697",5,4,1,2,0
"S1017",4,3,1,2,0
"S1092",4,1,1,2,0
"S642",5,5,1,2,0
"S150",6,1,1,2,0
"S401",4,5,2,2,0
"S925",4,4,1,2,0
"S272",6,13,2,2,0
"S354",4,4,1,1,0
"S755",5,12,2,1,0
"S917",5,5,2,2,0
"S1073",5,13,2,1,0
"S715",2,3,1,1,0
"S933",5,4,2,2,1
"S1001",4,3,2,2,1
"S850",4,5,1,2,0
"S413",4,2,1,2,0
"S321",5,1,1,2,0
"S630",6,10,2,2,0
"S425",3,1,1,2,0
"S1037",5,1,1,1,0
"S194",5,3,2,1,0
"S1043",5,3,2,2,0
"S302",5,6,2,2,0
"S343",5,5,2,1,0
"S852",4,10,2,1,0
"S712",4,1,2,1,0
"S344",4,4,2,1,0
"S866",5,6,2,1,0
"S392",5,4,1,1,0
"S165",4,4,1,2,0
"S953",3,1,1,2,0
"S245",3,4,1,1,0
"S389",5,2,1,2,0
"S1004",5,4,1,2,0
"S447",5,1,1,2,0
"S1105",6,2,1,2,0
"S544",5,1,1,2,0
"S725",5,1,1,2,0
"S525",4,5,1,2,0
"S905",4,2,1,1,0
"S239",1,2,1,2,0
"S870",6,3,1,2,0
"S168",4,2,1,2,0
"S621",6,1,1,1,0
"S206",5,1,1,1,0
"S1090",5,1,1,2,0
"S692",5,5,1,2,0
"S250",3,4,1,2,0
"S268",5,6,1,2,0
"S1062",5,2,1,2,0
"S730",5,2,1,1,0
"S629",5,1,1,1,0
"S1052",5,8,1,2,0
"S346",5,2,1,2,0
"S180",5,3,1,2,0
"S235",4,1,1,2,0
"S769",4,1,1,1,0
"S954",4,1,1,2,0
"S854",5,2,1,2,0
"S561",4,4,1,1,0
"S399",4,4,1,2,0
"S550",3,1,1,2,1
"S216",4,1,1,1,0
"S696",4,1,1,1,0
"S862",2,1,1,2,0
"S643",4,1,1,2,0
"S325",5,1,1,2,0
"S668",4,1,1,2,0
"S117",1,1,1,2,0
"S918",4,1,1,1,0
"S402",6,13,2,1,0
"S1020",6,5,2,2,0
"S222",5,7,2,2,1
"S964",5,7,2,1,0
"S453",5,6,2,2,0
"S205",4,8,2,1,0
"S885",4,7,2,2,0
"S225",2,3,2,2,0
"S842",5,11,2,1,0
"S981",6,11,2,2,0
"S395",6,8,2,2,0
"S164",6,8,2,1,0
"S1049",6,8,2,1,0
"S985",5,12,2,1,0
"S131",5,11,2,2,0
"S446",6,13,2,1,0
"S473",5,3,2,2,0
"S845",5,3,2,1,0
"S837",6,4,2,2,0
"S283",5,9,2,1,0
"S732",5,13,2,2,0
"S198",6,13,2,1,0
"S1061",5,3,2,1,1
"S625",5,3,2,2,1
"S947",5,12,2,1,0
"S155",5,12,2,2,0
"S1106",4,10,2,2,0
"S787",4,10,2,1,0
"S994",5,8,2,2,0
"S174",4,8,2,1,0
"S1041",5,12,2,1,0
"S784",5,13,2,1,0
"S386",5,8,2,1,0
"S761",6,11,2,1,0
"S367",6,11,2,2,0
"S731",5,4,2,2,0
"S966",4,11,2,1,0
"S968",2,3,2,1,0
"S884",4,3,2,1,0
"S207",5,5,2,1,0
"S315",5,5,2,2,0
"S890",4,7,2,1,0
"S193",4,2,2,2,0
"S369",5,8,2,2,0
"S1046",5,9,2,2,0
"S589",4,1,2,2,0
"S314",4,1,2,1,0
"S677",4,9,2,1,0
"S902",5,10,2,2,0
"S270",6,2,2,2,0
"S255",5,2,2,1,0
"S965",6,13,2,2,0
"S721",6,4,1,2,0
"S553",6,3,1,2,0
"S801",6,3,1,1,0
"S100",5,5,1,2,0
"S118",3,4,1,2,0
"S1058",4,5,1,1,0
"S622",2,3,1,2,0
"S557",1,2,1,2,0
"S342",4,5,1,2,0
"S366",6,2,1,1,0
"S422",5,3,1,2,0
"S774",5,6,1,1,0
"S694",5,4,1,2,0
"S1082",6,5,1,2,0
"S213",5,3,1,2,0
"S1056",6,8,1,1,0
"S1042",6,8,1,2,0
"S971",6,10,1,2,0
"S867",4,3,2,2,1
"S700",5,4,1,2,1
"S391",4,2,1,2,0
"S739",6,11,1,1,0
"S381",5,7,1,2,0
"S1055",4,4,2,2,1
"S529",4,4,2,1,1
"S828",2,4,1,1,1
"S333",5,13,1,2,0
"S340",3,5,1,2,0
"S811",5,5,1,1,0
"S384",5,7,1,1,0
"S460",6,6,1,1,0
"S221",4,5,1,2,0
"S736",4,4,1,1,0
"S922",6,3,1,2,0
"S515",6,10,1,1,0
"S556",6,10,1,2,0
"S503",6,5,1,2,0
"S186",5,5,1,2,0
"S608",4,6,1,1,0
"S1114",6,10,1,2,0
"S593",5,4,1,2,0
"S990",5,5,1,1,0
"S800",4,3,1,2,0
"S1079",4,2,1,2,0
"S532",3,2,1,1,0
"S595",6,4,1,1,0
"S1096",5,3,1,1,1
"S218",6,9,1,1,0
"S345",6,4,1,2,0
"S284",6,4,1,1,0
"S1027",5,5,1,2,0
"S388",6,6,1,1,0
"S301",6,3,1,2,0
"S1039",4,4,1,1,0
"S946",5,2,1,1,0
"S243",5,4,1,2,0
"S639",4,3,1,2,0
"S271",4,3,1,1,0
"S716",4,6,1,2,0
"S286",1,2,1,1,0
"S607",2,3,1,1,0
"S759",4,2,1,1,0
"S875",5,5,1,2,0
"S1116",4,2,1,2,0
"S999",4,5,1,2,0
"S296",4,6,1,2,0
"S170",5,3,1,2,0
"S358",5,3,1,1,0
"S297",1,1,1,1,0
"S942",4,1,1,2,0
"S911",5,NA,1,2,0
"S299",5,8,1,1,0
"S874",4,1,1,2,0
"S238",2,2,1,1,0
"S757",4,5,1,2,1
"S1012",5,5,1,1,0
"S476",5,2,1,1,0
"S789",5,5,1,2,0
"S705",5,5,1,2,0
"S338",5,2,1,2,0
"S956",5,2,1,1,0
"S435",4,8,1,2,0
"S941",4,6,1,1,0
"S1022",6,9,1,1,0
"S226",6,9,1,2,0
"S156",6,7,1,2,0
"S825",4,6,1,1,0
"S157",4,6,1,2,1
"S887",5,7,1,2,0
"S479",5,6,1,1,0
"S609",5,13,1,2,0
"S432",6,5,1,2,0
"S693",4,2,1,2,0
"S914",5,13,1,1,0
"S893",3,6,1,2,0
"S291",1,2,1,2,0
"S518",4,4,1,2,0
"S468",4,4,1,1,0
"S450",5,2,1,2,0
"S735",4,8,1,2,0
"S901",4,4,1,2,0
"S483",2,4,1,2,0
"S167",5,2,1,2,0
"S819",6,12,1,1,0
"S481",4,6,1,2,0
"S136",5,10,1,2,0
"S181",5,2,1,2,0
"S455",6,13,1,2,0
"S718",6,8,1,2,0
"S907",5,6,1,2,0
"S1080",5,3,1,2,0
"S113",4,1,1,2,0
"S728",5,5,1,2,0
"S306",5,8,1,1,0
"S115",2,4,1,1,0
"S279",4,4,1,2,0
"S427",4,4,1,1,0
"S457",2,3,1,1,0
"S514",2,4,1,1,0
"S717",5,4,1,1,0
"S987",4,2,1,2,0
"S512",4,4,1,1,0
"S183",2,3,1,1,0
"S1048",4,4,1,2,0
"S1024",2,4,1,1,0
"S1000",4,2,1,2,0
"S944",5,2,1,1,0
"S921",4,5,1,1,0
"S586",5,4,1,2,0
"S857",5,7,1,2,0
"S428",4,4,1,2,0
"S1101",5,3,1,1,0
"S509",5,3,1,2,0
"S1057",5,7,1,2,0
"S567",4,4,1,2,0
"S916",5,2,1,2,0
"S276",2,3,1,2,0
"S714",1,2,1,2,0
"S437",6,6,1,1,0
"S873",4,5,1,1,0
"S382",4,2,1,1,0
"S488",4,2,1,1,0
"S510",5,7,1,2,0
"S224",3,4,1,1,0
"S641",4,6,1,1,0
"S233",4,5,1,2,0
"S537",1,2,1,1,0
"S507",3,3,1,1,0
"S829",5,7,1,2,0
"S309",5,5,1,2,0
"S880",4,7,1,2,0
