"id","community","gender","race","hispanic","age","age_cat","years_in_community","years_lived_cat"
"S1003",2,2,1,0,78,6,68,7
"S685",2,1,1,0,72,6,47,5
"S252",2,1,1,0,59,5,8,1
"S993",2,2,1,0,71,6,20,2
"S949",2,2,3,1,50,4,6,1
"S1183",2,1,1,0,55,5,6,1
"S343",2,1,1,1,28,3,6,1
"S122",2,2,1,0,49,4,12,2
"S396",2,2,1,0,61,5,22,3
"S217",2,1,1,0,62,5,54,6
"S550",2,2,1,0,58,5,10,1
"S102",2,1,2,0,59,5,7,1
"S520",2,2,2,0,58,5,7,1
"S836",2,2,1,0,37,4,30,3
"S975",2,1,1,0,15,2,15,2
"S1296",2,1,1,0,36,4,5,1
"S784",2,2,1,0,34,4,5,1
"S1445",2,2,1,0,9,1,5,1
"S247",2,1,1,0,46,4,15,2
"S1302",2,2,3,0,44,4,15,2
"S1363",2,1,1,0,56,5,32,4
"S1231",2,2,1,0,77,6,33,4
"S1450",2,2,1,0,77,6,34,4
"S465",2,1,1,0,75,6,35,4
"S279",2,1,1,0,65,5,24,3
"S529",2,2,1,0,59,5,24,3
"S261",2,1,1,0,61,5,61,7
"S331",2,2,1,0,58,5,45,5
"S956",2,1,1,0,56,5,57,6
"S1257",2,1,3,1,22,3,18,2
"S1370",2,2,3,0,46,4,19,2
"S1234",2,2,1,0,77,6,20,2
"S943",2,1,1,0,82,6,80,7
"S603",2,2,1,0,66,5,20,2
"S922",2,2,1,0,66,5,35,4
"S151",2,1,1,0,47,4,5,1
"S1215",2,2,1,0,45,4,5,1
"S267",2,1,1,0,15,2,5,1
"S1415",2,2,1,0,66,5,67,7
"S403",2,1,1,0,67,5,45,5
"S451",2,2,1,0,34,4,34,4
"S523",2,1,1,0,56,5,56,6
"S901",2,2,1,0,53,5,31,4
"S1224",2,1,1,0,73,6,71,7
"S1212",2,2,1,0,53,5,10,1
"S203",2,1,1,0,65,5,25,3
"S106",2,2,1,0,39,4,38,4
"S737",2,2,1,0,15,2,15,2
"S1052",2,1,1,0,16,2,16,2
"S978",2,1,1,0,50,4,50,5
"S1020",2,2,2,0,73,6,18,2
"S969",2,1,1,0,64,5,25,3
"S162",2,2,1,0,64,5,60,6
"S263",2,2,1,0,47,4,22,3
"S483",2,1,1,0,51,5,20,2
"S1202",2,1,1,0,19,3,19,2
"S779",2,2,1,0,15,2,15,2
"S1239",2,2,1,0,68,5,19,2
"S1250",2,1,1,0,76,6,70,7
"S728",2,2,1,0,52,5,20,2
"S908",2,1,1,0,76,6,55,6
"S268",2,2,1,0,74,6,4,1
"S1475",2,1,3,1,67,5,12,2
"S107",2,2,3,1,65,5,12,2
"S542",2,1,3,0,58,5,30,3
"S1002",2,2,1,0,55,5,40,4
"S127",2,1,1,0,55,5,27,3
"S1219",2,2,1,0,56,5,28,3
"S1394",2,2,1,0,11,2,11,2
"S1309",2,2,1,0,42,4,23,3
"S966",2,1,1,0,44,4,44,5
"S1097",2,1,1,0,58,5,4,1
"S709",2,2,1,0,15,2,6,1
"S1417",2,2,1,0,75,6,3,1
"S580",2,2,1,0,64,5,39,4
"S568",2,1,1,0,42,4,35,4
"S803",2,1,1,0,71,6,32,4
"S1180",2,2,1,0,68,5,30,3
"S845",2,2,2,0,68,5,19,2
"S615",2,1,1,0,61,5,54,6
"S713",2,2,1,0,59,5,22,3
"S607",2,2,1,0,68,5,68,7
"S1336",2,1,1,0,69,5,55,6
"S1389",2,2,2,0,63,5,63,7
"S471",2,2,3,0,28,3,28,3
"S1426",2,2,3,0,57,5,14,2
"S771",2,1,1,0,59,5,36,4
"S145",2,2,1,0,58,5,36,4
"S392",2,2,1,0,66,5,25,3
"S532",2,1,1,0,64,5,64,7
"S1106",2,2,1,0,53,5,16,2
"S1229",2,1,1,0,61,5,26,3
"S455",2,1,1,0,81,6,69,7
"S219",2,2,1,0,78,6,48,5
"S941",2,2,1,0,15,2,5,1
"S977",2,1,1,0,36,4,30,3
"S759",2,1,1,0,39,4,3,1
"S1104",2,2,1,0,10,1,2,1
"S398",2,2,1,0,56,5,13,2
"S1024",2,1,3,0,66,5,12,2
"S1313",2,2,1,0,61,5,14,2
"S726",2,1,1,0,79,6,14,2
"S1147",2,2,1,0,60,5,50,5
"S180",2,1,1,0,61,5,33,4
"S772",2,1,1,0,50,4,21,3
"S680",2,1,1,0,37,4,16,2
"S560",2,2,1,0,35,4,35,4
"S1449",2,1,1,0,72,6,35,4
"S609",2,2,1,0,71,6,18,2
"S493",2,2,1,0,59,5,59,6
"S258",2,2,1,0,15,2,15,2
"S148",2,2,1,0,45,4,35,4
"S480",2,1,1,0,38,4,38,4
"S136",2,1,1,0,10,1,3,1
"S1399",2,2,1,0,60,5,42,5
"S1018",2,2,3,0,15,2,15,2
"S1270",2,2,3,0,50,4,20,2
"S860",2,1,3,0,15,2,15,2
"S409",2,1,3,0,48,4,5,1
"S1176",2,2,1,0,43,4,5,1
"S834",2,1,3,0,10,1,5,1
"S256",2,1,3,0,38,4,38,4
"S1118",2,2,1,0,57,5,57,6
"S995",2,2,2,0,65,5,45,5
"S605",2,1,1,0,51,5,7,1
"S748",2,1,1,0,57,5,20,2
"S1173",2,2,1,0,56,5,20,2
"S1395",2,1,1,0,42,4,42,5
"S916",2,1,3,0,30,3,28,3
"S986",2,1,1,0,69,5,18,2
"S1025",2,2,1,0,44,4,22,3
"S1291",2,1,1,0,36,4,6,1
"S844",2,2,3,0,40,4,11,2
"S1082",2,2,1,0,50,4,11,2
"S191",2,1,1,0,61,5,20,2
"S885",2,2,2,0,69,5,8,1
"S964",2,2,1,0,70,5,29,3
"S909",2,2,1,0,51,5,34,4
"S311",2,1,1,0,55,5,11,2
"S556",2,2,1,0,67,5,25,3
"S697",2,2,1,0,48,4,3,1
"S526",2,1,1,0,45,4,3,1
"S1277",2,1,1,0,39,4,39,4
"S1360",2,2,1,0,65,5,44,5
"S1327",2,2,1,0,58,5,20,2
"S955",2,2,1,0,85,6,9,1
"S1379",2,1,1,0,65,5,6,1
"S719",2,1,1,0,67,5,25,3
"S178",2,2,1,0,39,4,21,3
"S891",2,1,1,0,14,2,14,2
"S492",2,1,1,0,36,4,7,1
"S389",2,2,1,0,81,6,64,7
"S536",2,2,1,0,54,5,34,4
"S811",1,2,1,0,75,6,13.59,2
"S160",1,2,3,1,40,4,17.59,2
"S621",1,1,3,1,53,5,17.5,2
"S733",1,1,3,1,12,2,12.5,2
"S177",1,2,3,1,16,2,16.5,2
"S1319",1,2,1,0,70,5,9.34,1
"S957",1,1,1,0,74,6,9.34,1
"S567",1,2,1,0,54,5,19.92,2
"S138",1,2,1,0,15,2,14.92,2
"S1457",1,1,1,0,45,4,15.25,2
"S1166",1,2,1,0,12,2,12.08,2
"S1047",1,2,1,0,7,1,7.25,1
"S1283",1,1,1,0,11,2,9.75,1
"S238",1,1,1,0,49,4,9.75,1
"S1045",1,2,1,0,40,4,15.25,2
"S508",1,2,3,0,53,5,8.83,1
"S312",1,1,1,0,68,5,6.08,1
"S738",1,2,1,0,65,5,6.08,1
"S780",1,2,1,0,66,5,17.25,2
"S510",1,1,1,0,61,5,21.75,3
"S858",1,2,1,0,65,5,11.83,2
"S631",1,1,1,0,60,5,35.67,4
"S313",1,1,1,0,48,4,7.67,1
"S1153",1,2,3,1,54,5,2.83,1
"S447",1,2,1,0,39,4,16.17,2
"S497",1,2,1,0,71,6,18.25,2
"S1064",1,2,1,0,60,5,9.17,1
"S1460",1,2,1,0,51,5,14.75,2
"S1123",1,1,1,0,11,2,11.75,2
"S1435",1,1,1,0,67,5,20.92,3
"S1059",1,2,1,0,66,5,20.25,3
"S1032",1,1,1,0,73,6,33.67,4
"S487",1,2,1,0,68,5,33.67,4
"S503",1,2,1,0,46,4,3.75,1
"S463",1,2,1,0,55,5,13.67,2
"S355",1,2,1,0,75,6,26.5,3
"S874",1,2,3,1,35,4,1,1
"S1185",1,2,1,1,48,4,4.83,1
"S1103",1,2,1,0,41,4,6.75,1
"S329",1,1,1,0,84,6,1,1
"S637",1,2,1,0,35,4,3.25,1
"S179",1,1,1,0,37,4,2.25,1
"S1017",1,1,1,0,70,5,37.34,4
"S1286",1,2,1,0,66,5,27.92,3
"S627",1,2,1,0,65,5,37.67,4
"S967",1,2,1,0,50,4,21.83,3
"S1240",1,1,1,0,67,5,37.75,4
"S1041",1,2,1,0,68,5,37.17,4
"S1470",1,2,1,0,71,6,23.67,3
"S1244",1,1,1,0,68,5,23.67,3
"S150",1,2,1,0,70,5,37.67,4
"S1222",1,2,1,1,35,4,10.83,2
"S307",1,1,3,1,44,4,15.25,2
"S135",1,2,1,1,10,1,10.42,2
"S170",1,1,1,1,14,2,14.67,2
"S857",1,2,1,0,65,5,22.08,3
"S1053",1,2,1,0,24,3,22.08,3
"S1385",1,1,1,0,67,5,5.08,1
"S244",1,2,1,0,65,5,5.08,1
"S154",1,1,1,0,51,5,9.5,1
"S646",1,1,1,0,42,4,21.67,3
"S952",1,1,1,0,6,1,6.17,1
"S505",1,1,1,0,10,1,10.17,2
"S1058",1,1,1,0,62,5,20.42,3
"S553",1,2,1,0,82,6,13.25,2
"S302",1,1,1,0,75,6,27.17,3
"S1350",1,2,1,0,41,4,18,2
"S422",1,1,3,0,16,2,16.17,2
"S1371",1,1,1,0,32,4,14.59,2
"S1237",1,2,1,0,68,5,12.67,2
"S304",1,1,1,0,72,6,12.67,2
"S432",1,1,1,0,76,6,37.25,4
"S104",1,2,1,0,73,6,37.25,4
"S1005",1,2,1,0,65,5,33.83,4
"S1204",1,2,1,0,52,5,3.75,1
"S111",1,2,1,0,68,5,21.17,3
"S1226",1,2,1,0,47,4,20.92,3
"S1271",1,1,1,0,12,2,11.92,2
"S325",1,1,1,0,9,1,9.92,1
"S673",1,1,1,0,17,2,16.92,2
"S924",1,2,1,0,60,5,20.67,3
"S600",1,2,1,0,51,5,37.67,4
"S963",1,1,1,0,28,3,21.42,3
"S535",1,2,1,0,62,5,37.83,4
"S873",1,1,1,0,58,5,3.08,1
"S1451",1,2,1,0,78,6,37.17,4
"S436",1,2,1,0,58,5,16.17,2
"S591",1,2,3,1,45,4,7.92,1
"S640",1,1,2,1,9,1,7.92,1
"S598",1,2,1,0,69,5,37.83,4
"S887",1,2,1,0,52,5,24.08,3
"S1193",1,1,1,0,52,5,24.08,3
"S341",1,2,1,0,62,5,14.83,2
"S1011",1,2,1,0,52,5,3,1
"S499",1,1,1,0,54,5,3.17,1
"S883",1,1,1,0,65,5,20.67,3
"S1404",1,1,1,0,62,5,8.92,1
"S1311",1,2,1,0,62,5,8.92,1
"S440",1,2,1,0,63,5,35.92,4
"S221",1,2,1,0,56,5,14,2
"S1427",1,2,1,0,38,4,13.34,2
"S662",1,2,1,0,71,6,10.75,2
"S124",1,2,3,1,21,3,3.17,1
"S1057",1,2,3,1,29,3,7.83,1
"S1322",1,1,3,1,12,2,7.83,1
"S351",1,2,1,0,37,4,3.25,1
"S475",1,1,1,0,17,2,3.25,1
"S1268",1,2,3,1,17,2,17.42,2
"S875",1,1,1,0,70,5,14.67,2
"S1035",1,1,1,0,49,4,1.34,1
"S790",1,2,1,0,63,5,21.83,3
"S1117",1,1,1,0,86,6,37.25,4
"S1416",1,2,1,0,76,6,21,3
"S1206",1,2,1,0,55,5,17.76,2
"S1423",1,2,1,0,77,6,17.34,2
"S225",1,2,2,0,54,5,7.67,1
"S1361",1,1,1,0,75,6,17.34,2
"S819",1,2,1,0,49,4,20,2
"S689",1,1,1,0,74,6,27.34,3
"S216",1,2,1,0,56,5,2.08,1
"S1413",1,2,1,0,69,5,11.83,2
"S896",1,2,1,0,62,5,9.25,1
"S766",1,1,1,0,39,4,8.34,1
"S1310",1,1,1,0,51,5,5.25,1
"S514",1,2,1,0,52,5,13.5,2
"S960",1,2,1,0,38,4,12.25,2
"S633",1,1,1,0,39,4,8.25,1
"S1016",1,2,1,0,39,4,15.42,2
"S159",1,1,1,0,7,1,7.25,1
"S1049",1,1,1,0,9,1,9.42,1
"S149",1,1,1,0,46,4,5.08,1
"S1230",1,2,1,0,62,5,17.59,2
"S1084",1,1,1,0,44,4,12.83,2
"S876",1,2,1,0,44,4,13.83,2
"S188",1,2,1,0,12,2,12.83,2
"S1087",1,2,1,0,49,4,19.17,2
"S1074",1,2,2,0,15,2,15.17,2
"S581",1,2,1,0,17,2,17.17,2
"S187",1,2,1,0,15,2,15.17,2
"S491",1,2,1,1,10,1,10.08,2
"S882",1,2,1,1,42,4,15.34,2
"S751",1,1,1,1,8,1,8.08,1
"S1216",1,2,1,0,45,4,3.92,1
"S695",1,2,1,0,46,4,19.67,2
"S116",1,2,1,0,62,5,37.75,4
"S332",1,2,1,0,80,6,6.92,1
"S723",1,2,1,0,63,5,20.42,3
"S769",1,2,1,0,45,4,24.42,3
"S1199",1,2,1,0,59,5,11.34,2
"S681",1,1,1,0,64,5,11.34,2
"S611",1,1,1,0,7,1,2,1
"S918",1,2,1,0,34,4,2,1
"S1164",1,2,3,0,27,3,2.25,1
"S153",1,2,1,0,70,5,12.42,2
"S365",1,2,1,0,64,5,22.83,3
"S586",1,1,1,0,74,6,15.42,2
"S1373",1,1,1,0,57,5,27.83,3
"S669",1,2,1,0,47,4,1.25,1
"S813",1,1,1,0,13,2,1.25,1
"S651",1,2,3,1,47,4,19.42,2
"S888",1,1,1,0,52,5,19.5,2
"S1067",1,2,1,0,67,5,15.42,2
"S1484",1,1,1,0,56,5,5.5,1
"S1262",1,1,1,0,66,5,14,2
"S1243",1,2,1,0,38,4,3.08,1
"S1269",1,1,1,0,9,1,3.08,1
"S923",1,2,1,0,6,1,3.08,1
"S420",1,2,1,0,64,5,19,2
"S296",1,2,1,0,58,5,19.08,2
"S1408",1,1,1,0,64,5,19.08,2
"S467",1,1,1,0,70,5,4,1
"S881",1,2,1,0,63,5,21,3
"S555",1,2,1,0,59,5,6.5,1
"S168",1,1,1,0,64,5,2.42,1
"S1092",1,2,1,0,46,4,28.42,3
"S587",1,1,1,0,44,4,19.66,2
"S171",1,2,1,0,13,2,13.58,2
"S802",1,1,1,0,12,2,11.83,2
"S1122",1,2,1,0,76,6,18.42,2
"S946",1,1,1,0,68,5,37.25,4
"S1320",1,2,1,0,68,5,37.67,4
"S206",1,2,1,0,69,5,28.67,3
"S707",1,1,1,0,42,4,20.83,3
"S352",1,2,3,1,41,4,20.83,3
"S1249",1,2,1,0,56,5,15.08,2
"S105",1,1,1,0,41,4,9.5,1
"S1458",1,1,1,0,62,5,27.42,3
"S702",1,1,1,0,59,5,28.67,3
"S239",1,2,2,0,65,5,1,1
"S755",1,2,2,0,56,5,56,6
"S997",1,2,2,0,24,3,3.83,1
"S461",1,2,2,0,65,5,37.41,4
"S655",1,2,2,0,60,5,6.92,1
"S829",1,2,2,0,40,4,11.83,2
"S306",1,2,2,0,79,6,11.08,2
"S1418",1,2,2,0,64,5,3.66,1
"S1281",1,2,2,0,75,6,19.33,2
"S315",1,1,2,0,67,5,37.92,4
"S729",1,2,2,0,33,4,1.17,1
"S466",1,2,2,0,NA,NA,4.17,1
"S678",1,2,2,0,NA,NA,1,1
"S578",1,2,2,0,79,6,14.83,2
"S938",1,2,3,0,69,5,21.17,3
"S457",1,1,1,0,77,6,10.83,2
"S832",1,2,2,0,76,6,37.92,4
"S234",1,2,2,0,62,5,25.41,3
"S321",1,2,2,0,51,5,12.58,2
"S1128",1,1,2,0,17,2,4.92,1
"S1209",1,2,2,0,43,4,4.92,1
"S158",1,1,2,0,72,6,37.92,4
"S1214",1,2,2,0,51,5,37.92,4
"S1091",1,2,2,0,66,5,35.83,4
"S240",1,2,2,0,59,5,17,2
"S778",1,2,2,0,73,6,4.41,1
"S152",1,1,2,0,61,5,23.5,3
"S732",1,2,2,0,60,5,23.58,3
"S1428",1,2,1,0,39,4,6.08,1
"S494",1,1,2,0,67,5,34.92,4
"S450",1,2,1,0,26,3,2.41,1
"S636",1,2,2,0,62,5,3.92,1
"S998",1,1,2,0,63,5,3.92,1
"S1227",1,1,1,0,32,4,20.58,3
"S439",1,2,1,0,26,3,25.59,3
"S1275",1,1,1,0,33,4,7.34,1
"S251",1,1,1,0,11,2,11.92,2
"S889",1,1,1,0,55,5,13.25,2
"S1431",1,2,1,0,47,4,15.08,2
"S1094",1,2,1,0,7,1,7.5,1
"S899",1,2,1,0,36,4,13.42,2
"S890",1,1,1,0,36,4,8.5,1
"S1010",1,2,1,0,65,5,18.17,2
"S656",1,2,1,0,35,4,11,2
"S1037",1,2,1,0,65,5,16.92,2
"S521",1,2,1,0,41,4,15.83,2
"S652",1,2,1,1,34,4,35.42,4
"S397",1,2,2,0,59,5,10.83,2
"S308",1,2,1,0,34,4,8.5,1
"S427",1,2,1,0,46,4,20.75,3
"S1345",1,2,1,0,24,3,6.25,1
"S675",1,1,1,0,44,4,11.59,2
"S895",1,1,1,0,27,3,3.42,1
"S373",1,2,1,0,47,4,14.83,2
"S795",1,2,1,0,13,2,13.75,2
"S736",1,2,1,0,56,5,15,2
"S367",1,1,1,0,52,5,25.17,3
"S1223",1,2,1,0,14,2,14.08,2
"S767",1,2,1,0,55,5,5.42,1
"S1381",1,1,1,0,80,6,37.83,4
"S438",1,2,1,0,47,4,25.34,3
"S1194",1,2,1,0,67,5,37.08,4
"S346",1,2,1,0,62,5,12.42,2
"S1297",1,2,1,0,53,5,7.17,1
"S205",1,2,1,0,55,5,1.25,1
"S1318",1,2,1,0,33,4,1.83,1
"S1022",1,2,1,0,73,6,37,4
"S519",1,2,1,0,75,6,37.25,4
"S570",1,2,1,0,58,5,24.25,3
"S1131",1,2,3,1,14,2,15,2
"S735",1,2,3,1,38,4,16.42,2
"S1461",1,2,1,0,63,5,11.42,2
"S232",1,2,1,0,55,5,5.08,1
"S1168",1,2,1,0,30,3,2.25,1
"S610",1,1,2,0,55,5,9.17,1
"S1298",1,2,1,0,58,5,7.83,1
"S404",1,1,1,0,59,5,10.42,2
"S1272",1,2,1,0,24,3,3,1
"S112",1,2,1,0,17,2,5.25,1
"S1065",1,1,1,0,12,2,5.25,1
"S994",1,2,2,0,51,5,25.76,3
"S1383",1,2,1,0,43,4,14.08,2
"S1472",1,1,1,0,43,4,14.08,2
"S394",1,1,1,0,12,2,12.08,2
"S383",1,1,1,0,14,2,14.08,2
"S354",1,1,1,1,50,4,12.5,2
"S951",1,2,1,0,35,4,5.42,1
"S820",1,2,1,0,60,5,13.83,2
"S606",1,2,1,1,20,3,13.83,2
"S1004",1,1,3,1,50,4,13.83,2
"S760",1,2,1,0,74,6,3.25,1
"S614",1,1,1,0,81,6,3.25,1
"S157",1,1,1,0,47,4,14.5,2
"S1167",1,1,1,0,12,2,12.25,2
"S399",1,2,1,0,45,4,16.75,2
"S837",1,1,1,0,14,2,14.17,2
"S1174",1,2,1,0,85,6,32.5,4
"S456",1,2,1,0,41,4,2.5,1
"S742",1,1,1,0,49,4,3.5,1
"S120",1,2,1,0,34,4,7.83,1
"S929",1,1,3,0,41,4,12.92,2
"S872",1,1,1,0,67,5,15.59,2
"S453",1,2,1,0,31,4,2.59,1
"S1083",1,2,1,0,53,5,16.34,2
"S270",1,1,1,0,30,3,2.59,1
"S920",1,2,1,0,62,5,15.59,2
"S1190",1,2,1,0,43,4,17.83,2
"S1348",1,2,1,0,59,5,26.17,3
"S991",1,2,2,0,39,4,9.42,1
"S1437",1,1,3,1,14,2,2.08,1
"S1036",1,1,3,1,11,2,2.25,1
"S824",1,2,3,1,42,4,7.75,1
"S459",1,1,2,0,10,1,10.25,2
"S919",1,2,1,0,44,4,12.5,2
"S1157",1,2,2,0,32,4,10.25,2
"S169",1,2,1,0,38,4,2.25,1
"S847",1,1,1,0,64,5,5,1
"S534",1,2,1,0,58,5,5,1
"S940",1,2,1,0,41,4,2.42,1
"S1354",1,1,1,0,55,5,22.08,3
"S1295",1,2,1,0,61,5,13.67,2
"S385",1,2,1,0,74,6,5.42,1
"S634",1,1,1,1,28,3,1.67,1
"S666",1,2,1,0,58,5,15.59,2
"S345",1,2,1,0,44,4,7.83,1
"S202",1,1,1,0,13,2,7.83,1
"S749",1,2,1,0,67,5,20.08,3
"S1023",1,2,1,0,8,1,7.83,1
"S863",1,2,1,0,6,1,6.34,1
"S1085",1,1,1,0,68,5,11.83,2
"S848",1,1,1,0,44,4,14,2
"S1090",1,2,1,0,46,4,14,2
"S1290",1,1,1,0,12,2,12,2
"S838",1,1,1,0,11,2,11,2
"S110",1,2,3,1,34,4,5.59,1
"S1476",1,1,1,0,42,4,7.34,1
"S592",1,2,1,0,65,5,13,2
"S273",1,2,1,0,43,4,17.08,2
"S1071",1,2,1,0,13,2,13.42,2
"S565",1,2,1,0,33,4,7.83,1
"S962",1,1,1,0,46,4,4.34,1
"S282",1,2,1,0,48,4,23.08,3
"S382",1,1,1,0,20,3,18.75,2
"S1172",1,1,1,0,45,4,20.83,3
"S626",1,2,1,0,50,4,20.83,3
"S821",1,1,1,0,37,4,1.59,1
"S1100",1,2,1,0,33,4,12.42,2
"S1264",1,1,1,0,6,1,6.17,1
"S1303",1,1,1,0,26,3,6.25,1
"S184",1,2,1,0,64,5,27.67,3
"S484",1,1,3,0,35,4,8,1
"S1289",1,2,2,0,44,4,6.67,1
"S870",1,2,1,0,48,4,3,1
"S134",1,2,1,0,32,4,29.5,3
"S1028",1,1,1,0,72,6,37.5,4
"S549",1,2,1,0,72,6,37.5,4
